TEAM,PLACE M,KILL M
SQ,2.818055556,4.266666667
STK,2.801388889,5.656944444
TIAN,1.976388889,3.773611111
4AM,2.2875,4.416666667
IFTY,2.259722222,4.547222222
T1,1.943055556,3.6875
OATH,1.841666667,3.336111111
GEN,2.441666667,3.880555556
TL,2.151388889,3.644444444
BRU,1.870833333,4.051388889
ZEN,1.977777778,4.236111111
AF,1.763888889,3.413888889
FAZE,3.130555556,4.151388889
DAY,2.076388889,3.504166667
DXG,1.806944444,3.395833333
MCG,1.863888889,4.015277778